title,subreddit
Singapore vaccinates 80 percent of population against COVID-19,worldnews
Friends and family mourn U.S. Marine Corps Sergeant Nicole Gee killed in Afghanistan,worldnews
German election campaign heats up as Merkel's conservatives slide,worldnews
UK's Johnson defends Kabul airlift as criticism grows,worldnews
Ø¨Ø§Ù„ØµÙˆØ± .. Ø§Ù„ÙÙ†Ø§Ù†Ø© Ø¯Ø±Ø© ØªØ·Ù„ Ø¨Ø§Ù„Ø£Ø¨ÙŠØ¶ ÙÙŠ Ø£Ø®Ø± ØµÙˆØ± Ù„Ù‡Ø§,worldnews
Jose: Ronaldo back to Man Utd is perfect business,worldnews
Download Windows 11 Full ISO má»›i nháº¥t 2021 - HÆ°á»›ng dáº«n cÃ i Ä‘áº·t Win 11,worldnews
Lukashenko Urges Belarusians to Mine Cryptocurrency Rather Than Pick Strawberries Abroad,worldnews
Microsoft will let you install Windows 11 on older PCs but thereâ€™s a big catch,worldnews
Square Chase Daily 29-08-2021,worldnews
Egypt to Build Djiboutiâ€™s First Obstetrics and Gynecology Hospital,worldnews
China asks private firms to migrate data to government-run cloud services,worldnews
Eric Clapton Appears Frustrated With Covid-19 Vaccine on New Song 'This Has Gotta Stop',worldnews
Afghanistan Veterans perspective,worldnews
Ø³Ø¨Ø¨ Ù‚ØªÙ„ Ø·Ø§Ù„Ø¨Ø§Ù† Ù„Ù„ÙÙ†Ø§Ù† Ø§Ù„Ø£ÙØºØ§Ù†ÙŠ â€œÙØ¤Ø§Ø¯ Ø£Ù†Ø¯Ø±Ø§Ø¨ÙŠâ€ Ø¨Ø¹Ø¯ Ø§Ù‚ØªØ­Ø§Ù… Ù…Ù†Ø²Ù„Ù‡,worldnews
â€˜Donâ€™t go to the airportâ€™: Taliban warns of new major attack | Taliban News,worldnews
"Plant lovers, keep an eye on your 'highdrangeas' - DutchNews.nl",worldnews
"Moderna vaccinations halted in Japanâ€™s Okinawa after â€˜black substancesâ€™ found in vial, days after other batch of jab was suspended",worldnews
Jam Berapa FF Max Rilis di Indonesia - KepoWin,worldnews
WebcamMax 8.0.7.8 Crack,worldnews
Samehadaku Tidak Bisa Akses - KepoWin,worldnews
"Afghanistan: 20 years of war, 10 days for Kabul to fall - was it all worth it?",worldnews
"Muslim Made To Chant Jai Shri Ram In Madhya Pradesh, 2 Arrested: Cops",worldnews
UK Pig farmers warn they will have to destroy 'perfectly healthy' animals due to worker shortage,worldnews
COVID-19: China rejects US Report that says Coronavirus may have come From Wuhan lab,worldnews
Evacuations from Afghanistan by country,worldnews
Tesla on Autopilot Crashes into Police car and another vehicle in Florida,worldnews
"Mother punches mountain Lion to Save Son, five, from savage attack",worldnews
U.S. winding down Afghanistan evacuation as Taliban set take charge of airport: officials - National | Globalnews.ca,worldnews
"Hawaii residents, tourists feel COVID restrictions",worldnews
Israel bombs Hamas sites in Gaza after protests,worldnews
Ø¸Ù‡Ø±Øª Ù†ØªØ§Ø¦Ø¬ Ø§Ù„Ø«Ø§Ù„Ø« Ø§Ù„Ù…ØªÙˆØ³Ø· Ø§Ù„Ø¹Ø±Ø§Ù‚ 2021Ù…Ù† Ø¹Ù„Ù‰ Ù…ÙˆÙ‚Ø¹ results,worldnews
Several killed in Houthi attack on Yemenâ€™s largest base,worldnews
Seventh consecutive weekly protest against France's Covid-19 'health pass',worldnews
Unwanted record: Russiaâ€™s COVID deaths hit new high in July,worldnews
é‡ç£…ï¼å‘¨ç¦å®£å¸ƒé€€å‡ºæ•´ä¸ªèµ›å­£ï¼Œä¸ºæ¢å–è‡ªç”±èº«ä¸æƒœèµŒä¸ŠèŒä¸šç”Ÿæ¶¯,worldnews
Tourists return to Egypt's resorts after months of restrictions,worldnews
Rare Langsax fighting blade with Viking origins discovered in Poland,worldnews
PHOTOS: Kiara Advani and Vicky Kaushal snapped on location as they come together for a shoot,worldnews
Sweets Skyscraper Daily 29-08-2021,worldnews
Veteran Afghan Strongmen to Form New Front for Negotiating With Taliban https://ift.tt/eA8V8J,worldnews
how much is cristiano ronaldo worth. Business Owned by Cristiano Ronaldo.,worldnews
à¦²à¦¾à¦¶ à¦•à¦¾à¦«à¦¨ à¦ªà¦°à¦¾à¦¨à§‹à¦° à¦¨à¦¿à¦¯à¦¼à¦® ğŸ•Œ à¦•à¦¾à¦«à¦¨ à¦ªà¦°à¦¾à¦¨à§‹à¦° à¦ªà¦¦à§à¦§à¦¤à¦¿ à¦¨à¦¾à¦°à§€ à¦“ à¦ªà§à¦°à§à¦·à§‡à¦° ğŸ•Œ Rules Of Wearing Kafoner Kapor,worldnews
Halo Infinite Themed Xbox Elite Controller Revealed,worldnews
Taliban Move to Ban Opium Production in Afghanistan,worldnews
Barbados PM Mia Mottley expertly dismantles BBC question about China's g...,worldnews
Palestinian who assassinated Robert Kennedy may go free,worldnews
Study on breakthrough delta cases in Vietnam misrepresented online,worldnews
Final UK troops leave Kabul,worldnews
RÃ¨m Roman tráº» em ROT006,worldnews
RÃ¨m che y táº¿ cho phÃ²ng khÃ¡m bá»‡nh viá»‡n lá»›n,worldnews
Váº£i gáº¥m may rÃ¨m cao cáº¥p cáº£n náº¯ng phÃ²ng tráº» em,worldnews
RÃ¨m phÃ²ng táº¯m HÃ n Quá»‘c PTH020,worldnews
Chipotle Mexican Grill Manager Facing Aggravated Assault For Throwing Scissors At A Customer During A Heated Argument.,worldnews
Taliban â€˜brutally killedâ€™ Afghan folk singer Fawad Andarabi: Former minister,worldnews
GridinSoft Anti-Malware 4.1.89 Crack Free Download Full Version 2021,worldnews
Israel Bombs Hamas Sites in Gaza Over Fire Balloons - Military https://ift.tt/eA8V8J,worldnews
Two Chinese champions claim their gold medals are peeling,worldnews
Chrome Remote Desktop 77.0.3836.0 Crack Free Download Latest 2021,worldnews
Leon vs America 1-1 Match Highlights 2021,worldnews
World watches Israel's controversial third-dose vaccination strategy,worldnews
Serie A: Juventus lose at home to Empoli in first game after Ronaldo,worldnews
White House says Biden doesnâ€™t want Kabul terrorists â€˜to live on the earth anymoreâ€™,worldnews
Nonton One Piece Episode 990 Sub Indo - KepoWin,worldnews
Nonton Lovers of the Red Sky Episode 2 Sub Indo - KepoWin,worldnews
Nonton Boruto Episode 215 Gomunime Samehadaku Sub Indo - KepoWin,worldnews
Reese Witherspoon Is Makeup-free As She Poses With Her Children,worldnews
Kansas City vs Colorado Rapids 1-1 Match Highlights 2021,worldnews
Former British Soldier DESTROYS Official Afghanistan Narrative,worldnews
Daftar HP Diblokir WhatsApp - KepoWin,worldnews
Afghan Paralympians arrive in Tokyo,worldnews
Why an integrated brand strategy is vital and how can you develop it,worldnews
Wuhan facilities shed light on Chinaâ€™s oversight on wildlife use,worldnews
China's Belt and Road Intiative can help Taliban 'Build Afghanistan' - GlobalTimes,worldnews
Mexican President apologies for Spanish conquest of Aztec Empire,worldnews
Cannot Marshal Response Payload Artinya Apa - KepoWin,worldnews
Halo 20th Anniversary Xbox Series X Console Announced,worldnews
"â€œeyewitnesses, said significant numbers of those killed [in Kabul Airport] were shot dead by US forces in the panic: BBC",worldnews
ç¿’è¿‘å¹³å–Šå‡ºã€Œå…±åŒå¯Œè£•ã€ï¼ä¸­åœ‹é å‚™æ€éº¼æŠŠå¯Œäººçš„éŒ¢æŒ–å‡ºä¾†ï¼Ÿ | TechNews ç§‘æŠ€æ–°å ± â€“ ç§‘æŠ€æ–°å ± TechNews,worldnews
All you need to know about: Twitterâ€™s issue with the Government,worldnews
"Bolsonaro sees three options for future: Prison, death or victory",worldnews
Sianida Telegram 2021 - KepoWin,worldnews
Kabul Airport Attack,worldnews
The war between China and US has already started. Top Oil and Gas Companies In The World,worldnews
First outreach signal: UNSC drops Taliban reference in line on terror,worldnews
Adele Dances To Cardi Bâ€™s â€˜WAPâ€™ In Low Cut Bronze Gown At Savannah Jamesâ€™ 35th Birthday,worldnews
Macron calls for UN to help create a Kabul 'safe zone',worldnews
"A grim warning from Israel: Vaccination blunts, but does not defeat Delta",worldnews
Biden had Reaper drone drop 'ninja bomb' on ISIS-K operatives in Afghanistan: report,worldnews
Gremio vs Corinthians 0-1 Highlights 2021,worldnews
Names of 13 service members killed in Kabul attack,worldnews
Secret army of 200 weapons obsessed ex-soldiers plotting attacks on vaccine centers,worldnews
â€˜You are not a horseâ€™: FDA tells Americans stop taking dewormer for Covid,worldnews
Congressman Who Flew to Kabul Demands Resignations in D.C.,worldnews
Manfaat Bermain FF - KepoWin,worldnews
Little Peopleâ€™s Amy Roloff Marries Chris Marek On Familyâ€™s Oregon Farm,worldnews
MASS PSYCHOSIS - How an Entire Population Becomes MENTALLY ILL,worldnews
Any thoughts on this Jordan Peterson Video?,CasualConversation
Any thoughts on this Jordan Peterson video? Trying to be objective but struggling.,CasualConversation
"Anyone up for a late night chat about their favourite conspiracy theories, letâ€™s get deep!",CasualConversation
Going to the gym wasn't that bad and I got over my anxiety yay!,CasualConversation
Can someone give me some support or some reassurance,CasualConversation
Met a nice guy here on reddit whom i canâ€™t get in touch with anymore .,CasualConversation
Someone who's above my league was hitting on me last night and I was too confused to do anything,CasualConversation
I got laid off from work today,CasualConversation
26 years old and no friends...,CasualConversation
Just feel it will never happen,CasualConversation
How would you entertain a group of friends if you had nothing with you?,CasualConversation
"I just cried for like an hr straight cause all of my friends are going to the same college :,)",CasualConversation
How do I find people who can have organic conversation!,CasualConversation
Getting the right balance in life!,CasualConversation
I want to delete old social media accounts that I no longer have access to,CasualConversation
I don't think anyone else in the world holds some of the opinions I have,CasualConversation
Moving to college 6000 miles awayâ€¦,CasualConversation
My maths teacher gave me a 2/5 for attendance,CasualConversation
Moving 6000 miles away and scared to death,CasualConversation
Moving to college 6000 miles away by myself and scared to death,CasualConversation
"I want to discuss about the quote ""Stay away from negative people, they always have a problem for every solution""",CasualConversation
So I just ate moldy bread by accident. Letâ€™s hope I wonâ€™t die,CasualConversation
I did it!!!,CasualConversation
Want to chat asking. Ask me anything.,CasualConversation
Have you ever been in a situation where you want someone but canâ€™t have them?,CasualConversation
Why is it so hard to make new friends?,CasualConversation
"How do I cope with the fact that one day, the people closest to me will die.",CasualConversation
Thinking about old childhood friends...,CasualConversation
Focus on her in bed,CasualConversation
One or multiple roommates? Have had a week to decide and still can't settle on an option!,CasualConversation
looking for F4M let's have a goodtime,CasualConversation
Why did you get your covid shot?,CasualConversation
Sick of being the one who cares the most in my relationship,CasualConversation
I am so confused by this girl talking to me.,CasualConversation
I want to reconnect with an old friend but am kinda nervous to do so,CasualConversation
"I am a newbie ğŸ¥° Iâ€™m over 65 but look and feel younger than that! Itâ€™s like whoâ€™s that lady in the mirror with gray hair that shows up when I need my highlights done ğŸ˜³ğŸ˜‚ Seriously, I donâ€™t know how others feel about getting older now a days",CasualConversation
How do I get my music to take off?,CasualConversation
Im taking the SATs in a week and I canâ€™t wait,CasualConversation
Cake,CasualConversation
Shoutout to 420 scrapings,CasualConversation
Does anyone know the character of this gif?,CasualConversation
I hate everybody in my town,CasualConversation
Why are people scared of covid so much when the chances of dying are extremely low.,CasualConversation
"Humanity, ain't worth saving.",CasualConversation
What's your unique talent?,CasualConversation
What's Everyones' Favorite Accents? I love these three too much.,CasualConversation
What's the thing you enjoy doing the most?,CasualConversation
Can someone help me find the name of this song?,CasualConversation
Remote workers: have you been able to work in other places besides your home without reprecussions?,CasualConversation
"Feeling down, want to chat, feel free to ask me anything",CasualConversation
tell me a song you like and ill give you a recommendation based off the song,CasualConversation
tell me a song you like then ill recommend a song based off the song,CasualConversation
"So Iâ€™m pretty sure Iâ€™ve found another lifeâ€™s purpose for me, itâ€™s an internal drive to ensure a persistence of a condition beyond the lifetimes of my childrenâ€™s children, at a minimum. whatâ€™s yours?",CasualConversation
My life is so boring,CasualConversation
Game engines,CasualConversation
What's your favorite Anime?,CasualConversation
It's My Cake Day?,CasualConversation
Whatâ€™s so great about NYC?,CasualConversation
What's your favorite cartoon?,CasualConversation
"My life is so boring sometimes I won't check the mail on Saturday so I can check it on Sunday to, spice things up.",CasualConversation
What's your favorite anime?,CasualConversation
What do you think of owls?,CasualConversation
"1 thing Iâ€™ve learned is that if someone who has feelings for u and is â€irrationallyâ€œ suspicious of you seeing someone else (cheating), itâ€™s cause theyâ€™re cheaters themselves and theyâ€™re projecting HARD",CasualConversation
"My friend who hadn't seen Harry Potter, now loves it.",CasualConversation
John wick,CasualConversation
New infamous game,CasualConversation
Do you think we will get another infamous game?,CasualConversation
My mother is very sick,CasualConversation
I am scared about investing my money,CasualConversation
What was the last movie you 'Nope!'-d out of?,CasualConversation
How does everyone deal with random reminders of embarrassing moments?,CasualConversation
You ever just look at a random word and it looks weird?,CasualConversation
Transgender ignoring biology,CasualConversation
I'm so confused guysğŸ¤”,CasualConversation
"Itâ€™s hard telling people that you have friends, when youâ€™re really lonely",CasualConversation
Farewell to a good man and a great friend,CasualConversation
I realized something today when I took a picture of my hands.,CasualConversation
A chapter in my life is getting ready to come to a close.,CasualConversation
I have a really boring friend and I donâ€™t know what to do with him,CasualConversation
Take out,CasualConversation
Iâ€™m having a cheat day after a near month of my life-style change.,CasualConversation
Is it difficult to be a fashion designer?,CasualConversation
Cookâ€™s Storytime part 1,CasualConversation
I watched a movie last night!,CasualConversation
Any advice,CasualConversation
How are Goofy and Pluto both dogs?,CasualConversation
"for those of you currently in relationships, do things ever remind you of your ex and how does the feeling of being reminded differ now that youâ€™re in a relationship than when you were single/broke up w that ex?",CasualConversation
Feeling like I will never find love and get married...,CasualConversation
Feeling happy and healthy,CasualConversation
"What is something that, no matter what mood or headspace youâ€™re in, will make you smile?",CasualConversation
Ask Me Anything And Then Edit It To Make Me Look VERY Stupid.,CasualConversation
"Does anyone else find it mad that Jimi Hendrix ""did more"" than Kurt Cobain, even though they died at the same age?",CasualConversation
The Negative perception of non-alcoholic beer,CasualConversation
Dying breed.,CasualConversation
Thereâ€™s a cockroach lurking in my room and now I canâ€™t sleep lol,CasualConversation
Avani Lekhara becomes first Indian woman to win Paralympic gold,worldnews
How much impact could Sturgis rally have on COVID caseload?,worldnews
"Dangote Petrochemical plant to boost local production of plastic, reduces forex demand for imports",worldnews
Ø¥ØªÙØ§Ù‚ Ø¨ÙŠÙ† Ø§Ù„Ù†Ø§Ø¯ÙŠ Ø§Ù„Ø£Ù‡Ù„ÙŠ ÙˆØ£Ø¬Ø§ÙŠÙŠ Ø¹Ù„ÙŠ Ù‚ÙŠÙ…Ø© ÙØ³Ø® Ø§Ù„Ø¹Ù‚Ø¯,worldnews
Couple divided by Irish border because of post-Brexit rules,worldnews
"COVID: Europe may see 236,000 deaths by December, WHO fears",worldnews
Ø£Ø­Ù…Ø¯ Ø´Ø§Ù‡ Ø³Ø§Ø¯Ø§Øª Ù…Ù† Ø±Ø¦ÙŠØ³ Ø§ÙØºØ§Ù†ÙŠ Ø¥Ù„Ù‰ Ø¹Ø§Ù…Ù„ Ø¯ÙŠÙ„ÙØ±ÙŠ ÙÙŠ Ø£Ù„Ù…Ø§Ù†ÙŠØ§ â€œÙÙŠØ¯ÙŠÙˆâ€,worldnews
"Prices of cooking gas up 100% to N7,000 per 12.5kg as govt imposes VAT on LPG imports",worldnews
Serif Affinity Photo 1.10.0.1085 Crack,worldnews
What Are The Rogue Planets!!!,worldnews
Pentagon prepared for â€˜mass casualtyâ€™ attack at Kabul Airport hours before explosion,worldnews
Russian Prosecutors Seek Lengthy Prison Terms For Anarchist Couple In Chelyabinsk,worldnews
"EU to recommend reinstating Covid-related travel restrictions on US, reports say",worldnews
"A gay man in Afghanistan was beaten, raped and outed to his family by the Taliban when he tried to flee the country.",worldnews
"New California wildfire forces evacuations and grows to 1,200 acres in less than 6 hours #usa https://ift.tt/2KUz4QH",worldnews
"Paramount Plus to Stream Next Xmas Special from Brazilâ€™s Porta dos Fundos, the Animated â€˜Mean Boysâ€™ (EXCLUSIVE)",worldnews
"A weary Australia plans reopening as COVID-19 death toll hits 1,000",worldnews
AirAsia Offering A Promotional RM10 Discount For Its New e-Hailing Service,worldnews
"New COVID variant detected in South Africa, most mutated variant so far",worldnews
China cuts amount of time minors can spend on online games,worldnews
Japan Investigating Deaths of Two Men Who Received Suspended Moderna Vaccines,worldnews
US says drone kills IS bombers targeting Kabul airport,worldnews
U.S. Drone Strike Targets Bomb Filled Car Bound For Kabul Airport,worldnews
The West and the rising Asia (India - China - ASEAN) The end of USA,worldnews
Head of PMâ€™s department halts inquiry around Brittany Higginsâ€™ rape allegation â€“ The Guardian Australia,worldnews
COVID-19: New Zealand reports its first death linked to Pfizer jab,worldnews
Brazil bank robbers tie hostages to getaway cars,worldnews
Ø£ÙˆÙ„ Ø±Ø¯ ÙØ¹Ù„ Ù„Ù„Ø§Ø¹Ø¨ Ø§Ù„Ø²Ù…Ø§Ù„Ùƒ Ø§Ù„Ø³Ø§Ø¨Ù‚ Ø£Ø­Ù…Ø¯ ØµØ§Ù„Ø­ Ø¹Ù„ÙŠ Ù…ÙŠ Ø­Ù„Ù…ÙŠ â€œØªØ¹Ù…Ø¯Øª Ø§Ø³ØªÙØ²Ø§Ø²ÙŠâ€,worldnews
"Pakistan NSA â€˜warnsâ€™ of second 9/11 if West doesnâ€™t recognise Taliban, then says â€˜misquotedâ€™",worldnews
Global watchdog urges Japan to boost fight against money-laundering,worldnews
Ronaldo fever grips Man Utd - Ole and players react,worldnews
"New Zealand's Auckland stays in lockdown, officials report Pfizer-linked death",worldnews
New Zealand reports first death linked to Pfizer COVID-19 vaccine,worldnews
"Russia to evacuate more people from Afghanistan, holds drills nearby",worldnews
"Coronavirus booster shots 'not a luxury', WHO Europe head says",worldnews
Petition to get me banned. This is clearly a global issue.,worldnews
Rockets target U.S. troops as Afghanistan withdrawal enters final stage,worldnews
Explore the exciting range of balloon arches for birthday party NY,worldnews
All parties' should establish contact with Taliban &amp; guide it actively': China to US,worldnews
Russian Sushi Chain Apologizes for Ad Featuring Black Man,worldnews
"Ğ¡ĞĞĞ¢Ğ•Ğ¥ĞĞ˜ĞšĞ˜ Ğ’ Ğ¨ĞĞšĞ•! ĞšĞ°Ğº ÑĞ¿Ğ°ÑÑ‚ÑŒ Ñ‚Ñ€ÑƒĞ±Ñ‹ Ñ€Ğ°Ğ·Ğ½Ğ¾Ğ³Ğ¾ Ğ´Ğ¸Ğ°Ğ¼ĞµÑ‚Ñ€Ğ°, Ğ±ĞµĞ· Ğ¿ĞµÑ€ĞµÑ…Ğ¾Ğ´Ğ½Ğ¾Ğ¹!",worldnews
Men not allowed to teach girls in Afghanistan: Taliban ban coeducation,worldnews
ØªØ­Ù…ÙŠÙ„ Ù„Ø¹Ø¨Ø© Ø¬ØªØ§ GTA 6 Apk Ù…Ù‡ÙƒØ±Ù‡ Ø§Ø®Ø± Ø§ØµØ¯Ø§Ø± Ø¨Ø±Ø§Ø¨Ø· Ù…Ø¨Ø§Ø´Ø± Ù„Ù„Ø§Ù†Ø¯Ø±ÙˆÙŠØ¯,worldnews
China limits minors to just three hours of online gaming a week,worldnews
BAM; P2 Gold Intersects 2.63 g/t Gold Over 45.85 meters,worldnews
China limits minors to just three hours of online gaming a week | World News,worldnews
China cuts amount of time minors can spend playing video games,worldnews
'Mystery Fever' Kills 68 People Within a Week in India,worldnews
South Korean lawmakers to vote on cameras in operating rooms after surgery deaths,worldnews
Why was so much US equipment left in Afghanistan in the hands of the Taliban and what does that mean for us next?,worldnews
Police Federation concerned businesses being urged to call police to enforce vaccine passports. - TechBomb News,worldnews
Israel doubles down on Covid booster shots as breakthrough cases rise,worldnews
if you register from this link i send you 2usd on paypal.,worldnews
"EU to seek to stop mass Afghanistan migration flows, draft statement says",worldnews
"CIBN President, Olugbemi urges banks to leverage technology as institute inducts 672 new members",worldnews
North Korea Restarted a Nuclear Reactor Thats Been Inactive for Years,worldnews
"US Military Relocated 40 Daesh Terrorists From Prisons to Base in Northeastern Syria ON AUGUST 30, 2021 BY VISION FOR HOPE ï¿¼",worldnews
China May Build A Massive Space Station The Size Of A Small Town,worldnews
Female journalist flees Afghanistan following groundbreaking TV interview with Taliban spokesman,worldnews
The government has created a Holocaust-like tyranny in Finland,worldnews
Addison Rae ends quiet on getting fire over Trump connection at UFC 264,worldnews
Book Review: Celebrate Krishna Janmashtami through the story of â€˜Rukminiâ€™,worldnews
West Virginia Residents Can Have Land Designated 'Wild Yard' https://ift.tt/eA8V8J,worldnews
Cloud Mining Company Wins Chinese Court Case; Regains More Than 485000 AMD Radeon GPUs,worldnews
"China requires technology companies to provide one-hour online game services to minors only from 20:00 to 21:00 on Fridays, Saturdays, Sundays and legal holidays.",worldnews
Experts warn on the risks ahead for stocks,worldnews
Get ready folks! 3 more days to goğŸ”¥,worldnews
The K variant of ISIS.,worldnews
Crews battle to protect Lake Tahoe region from wildfire,worldnews
ØªØ¹Ø§Ø¯Ù„ Ø£ØªÙ„ØªÙŠÙƒÙˆ Ù…Ø¯Ø±ÙŠØ¯ ÙÙŠ Ø§Ù„Ø¯ÙˆØ±ÙŠ Ø§Ù„Ø¥Ø³Ø¨Ø§Ù†ÙŠ Ø¹Ù„Ù‰ ÙÙŠØ§Ø±ÙŠØ§Ù„,worldnews
Agricultural income insurance gains traction in Japan's Tohoku region | The Japan Times,worldnews
"LIVE Updates on the Afghanistan-Taliban Conflict: According to Chinese Foreign Minister Wang Yi, the world should 'actively guide' the Taliban.",worldnews
Afghan interpreters left to face wrath of Taliban after Home Office rules them â€˜dangerâ€™ to UK security,worldnews
Alberta feed stores inundated with calls for ivermectin over false claims livestock dewormer treats COVID,worldnews
"In first top-level meeting in a decade, Israel minister of defense Gantz holds talks with Abbas in Ramallah",worldnews
Senior Beijing official was guest of honour at Hong Kong hotpot dinner that broke Covid rules,worldnews
"For throwing porn collection, judge orders couple to pay $30,441 to son in US",worldnews
"Jubilant Pharmova share price surges over 5% in five days after Rakesh Jhunjhunwala, wife buy stake",worldnews
Rammstein's Till Lindemann reportedly arrested in Russia,worldnews
"India's COVID Vaccine Supply Jumps, Raising Export Hopes https://ift.tt/eA8V8J",worldnews
JEDEC Introduces New XFM Memory Standard For IoT And Automotive Applications,worldnews
à¦œà¦¾à¦¨à¦¾à¦œà¦¾à¦° à¦¨à¦¾à¦®à¦¾à¦œà§‡à¦° à¦¸à¦ à¦¿à¦• à¦¨à¦¿à¦¯à¦¼à¦® ğŸ•Œ à¦œà¦¾à¦¨à¦¾à¦œà¦¾à¦° à¦¨à¦¾à¦®à¦¾à¦œ à¦ªà¦¡à¦¼à¦¾à¦° à¦¨à¦¿à¦¯à¦¼à¦® ğŸ•Œ Janajar Namaz Porar Niom,worldnews
information about telegram members,worldnews
UN asks for Pakistanâ€™s help in delivering food to Kabul,worldnews
Now officers will not be able to check the vehicle without a uniform?,worldnews
Rockets were launched against Afghanistan's Kabul airport.,worldnews
The Interesting Game of Afghanistan,worldnews
"Nine family members killed in US airstrike in Kabul targeting suspected ISIS-K bomber, relative says",worldnews
Indian boy gets head stuck in pressure cooker,worldnews
PC Auto Shutdown Key Crack 7.1 Serial key Latest Free Download,worldnews
RHOA's Nene Leakes says husband Gregg is 'at home dying' amid his ongoing cancer battle,worldnews
"Lithuania denies special immigration plan for HK residents, dares not to challenge China's bottom line twice: observers",worldnews
VFS Global to expand Philippines ePassport Renewal Centre network to nine new countries,worldnews
Ida Knocks Out New Orleans Power on Deadly Path Through Gulf https://ift.tt/eA8V8J,worldnews
Rockets hit neighbourhood near Kabul airport as U.S. poised to pull out of Afghanistan,worldnews
Chinese A.I. firm SenseTime files for Hong Kong IPO despite crackdown,worldnews
COVID-19: Indonesia Death rate in under-18s more than Three Times the world average,worldnews
"India important, want to maintain ties: Taliban leadership in Qatar",worldnews
Facebook exposes Russian disinformation campaign targeted at rival vaccines,worldnews
Care for a chat?,CasualConversation
I've got my wife the best New Year's gift,CasualConversation
I somehow pulled it off and will get an A in my grad class!,CasualConversation
Biggest stomach pain of my life,CasualConversation
Where were you 24 years ago?,CasualConversation
"I saw a man struggling to get something off the shelf at the supermarket. Wanting to help, I approached him and asked â€œwould you like a hand?â€ He turned and glared at me, that was when I noticed he only had one arm. Iâ€™m so embarrassed.",CasualConversation
"I saw a man struggling to get something off the shelf at the supermarket. Offering to help, I approached him and asked â€œwould you like a hand?â€ He turned and glared at me, it was that moment I realised he only had one arm. Iâ€™ve never been so embarrassed.",CasualConversation
19M - Would anyone be interested in being friends and exploring Books/Films/Music/Philosophy/Art/History together!?,CasualConversation
I pierced my ears with cheap material,CasualConversation
Cash Apps $750 Instantly,CasualConversation
What would you say to mom?,CasualConversation
"I have an interview today, wish me luck and send me all the good vibes you can.",CasualConversation
"I dont get how my school is gonna do a ""virtual games"" on zoom.",CasualConversation
I stop watching The Crown,CasualConversation
How did you find out what drinks you like to order?,CasualConversation
A friend of mine was convinced he had rabies thanks to dr google,CasualConversation
"12:05am, can't sleep",CasualConversation
I am really depressed about how I am still a virgin,CasualConversation
What if there was a law requiring people who do obnoxious public stunts (i.e dancing on a plane) to have there social media completely removed and be forced to use an old flip phone or whatever has no access to social media?,CasualConversation
I love my life here in Japan.,CasualConversation
"If a place wants to hire you, what is a good way to end an interview, if you have other interviews the following days to come?",CasualConversation
Thank you guys for all the fun!,CasualConversation
Iâ€™m somehow excited for the first day of school,CasualConversation
Cross Country Move,CasualConversation
I want to turn my overthinking into comedy.,CasualConversation
"19f [chat] Itâ€™s my birthday on Tuesday, Iâ€™m behind on rent, I may need surgery, and I had to cancel my trip to see my family because of Covid",CasualConversation
Yet another funny story about why I hate anime.,CasualConversation
Every morning for the next two weeks I have to walk to work,CasualConversation
Funny story about why I have extreme trust issues.,CasualConversation
How do I tell someone I want to be their friend?,CasualConversation
"Hi, Are you bored?",CasualConversation
Gave my 7mo son a lemon wedge tonight and...not so much as a flinch.,CasualConversation
Any useful tips for book reading?,CasualConversation
Anyone wanna talk about anything?,CasualConversation
I've been playing video game music at work,CasualConversation
Trying to prank a friend. Help.,CasualConversation
My boyfriends sister is going to places unvaccinated.,CasualConversation
Relationships,CasualConversation
If you or your partner have used oral contraceptives would you be able to fully explain exactly how they work to prevent pregnancy?,CasualConversation
Campus is under lockdown,CasualConversation
I'm currently under lockdown for a potential shooter on campus. How's your night going?,CasualConversation
Why is Nick Cannon wearing turbans?,CasualConversation
I think I feel happy right now,CasualConversation
"Are you still close with your childhood (pre-college) best friends? If not, what happened?",CasualConversation
Should I invest?,CasualConversation
I made eye contact with a girl from my hometown through a window of a restaurant in another country and city 4 years later,CasualConversation
I had a good dream for the first time in as long as I can remember!,CasualConversation
Do you have a personal ethos/code? What is it and why?,CasualConversation
Anyone else remember /r/TheButton?,CasualConversation
Whatâ€™s your favorite candy to use in a sâ€™more?,CasualConversation
I think my best friends don't like me anymore,CasualConversation
A old acquaintance from high school reached out to me to reconnect and I'm not sure how to feel about it.,CasualConversation
My dad is dying.,CasualConversation
"16M bi lonely and tired, anyone want to chat",CasualConversation
Dating older girls.,CasualConversation
My Vietnamese friend,CasualConversation
"Anytime i see people who are close in age to me, I have a hard time believing it",CasualConversation
I Love My Mom,CasualConversation
Is the high school girl I had a crush on living her life now?,CasualConversation
Iâ€™m in the middle of hurricane Ida and it sounds like hell is actually letting loose outside.,CasualConversation
I foolishly fell for a redditor I met and now our relationship is going downhill. What did dumb thing did you do in 2020?,CasualConversation
"Making less-obvious life changes (pushing your comfort zone and resisting small urges hour-by-hour, slightly in many areas of life but nothing at once) is TOUGH! But many people donâ€™t notice youâ€™re doing it at first because itâ€™s not one big change.",CasualConversation
Just need a friend,CasualConversation
Iâ€™m in the center of hurricane Ida and it actually sounds like all hell is unleashing outside.,CasualConversation
Whatâ€™s your favorite late night snack?,CasualConversation
Not really relevant to this sub but I wanted to say it and no where else seemed appropriate,CasualConversation
School starts tomorrow and something really embarrassing happened to me over the summer. Will I be ok?,CasualConversation
So what's up? Bored and up to chat...,CasualConversation
I think I might actually be making friends for the first time in years,CasualConversation
Anyone wanna talk anime ?,CasualConversation
"Amazon, returning product A as B",CasualConversation
I'm not sure what to do about this situation involving romantic feelings with a close friend.,CasualConversation
First time being asked 'what's your pronoun?',CasualConversation
I was finally able to purchase a car today!,CasualConversation
Anybody else actually like walking to work?,CasualConversation
happy anniversary,CasualConversation
What is a mistake you used to do when it came to dating?,CasualConversation
What are some things you did today?,CasualConversation
What is the dark sides of modelling as a career?,CasualConversation
I hope your alrightâ€¦,CasualConversation
I got all 4 of my wisdom teeth removed on Friday and I canâ€™t remember anything,CasualConversation
I'm really starting to hate the gaming side of Reddit,CasualConversation
It's the small things in life :),CasualConversation
How do i stop thinking of every guy as a potential soulmate and self sabotaging when I know Iâ€™m still young ? 21f,CasualConversation
Wanting More,CasualConversation
I need someone I donâ€™t personally know to share my experience with. Anyone willing to listen?,CasualConversation
My credit score is in the â€œgoodâ€ range,CasualConversation
I played online with a friend today and I feel good,CasualConversation
Today is my 10 year anniversary on reddit,CasualConversation
There are a lot of things I used to do that I'm trying to do again.,CasualConversation
What are some ways to keep yourself from getting burned out?,CasualConversation
Should we add Gaming classes to schools?,CasualConversation
I hit Twitch Affiliate!,CasualConversation
Might be getting into my first official relationship at 20 years old.,CasualConversation
Iâ€™m moving away for uni and I am worried about my mum.,CasualConversation
City hit by hurricane,CasualConversation
Purchased my wedding dress for $35!,CasualConversation
China cuts children's online gaming to one hour,worldnews
Teacher investigated after allowing students to â€˜pledge allegianceâ€™ to Pride flag,worldnews
"LGB Alliance campaigner shows up to Manchester Pride Protest, and is promptly told where to go",worldnews
"Mormon vaccine push ratchets up, dividing faithâ€™s members",worldnews
"Davadan sonra seks HeÃ§ kÉ™sÉ™ sirr deyil ki, cÃ¼tlÃ¼k",worldnews
India Q1 April-June GDP preview,worldnews
Federal Judge Strikes Down Trump Rule Governing Water Pollution,worldnews
"Taliban declare victory from Kabul airport, promise security",worldnews
"Up to 200 Americans, thousands of Afghans left behind as U.S. military exits Afghanistan",worldnews
PDF Annotator 8.0.0.829 Crack,worldnews
Ohio judge orders hospital to treat COVID patient with Ivermectin despite CDC warnings,worldnews
"Experience Singapore's latest MRT Stations with 3D audio[ASMR], 4K ultrawide",worldnews
SenseTimeâ€™s AI Tech to be used in Over 20 Million Vehicles - The Leaders Globe Media,worldnews
LOS INOLVIDABLES DE LA MUSICA HISPANA,worldnews
Ø£ÙØ¶Ù„ Ø§Ù„Ø£Ø¯Ø¹ÙŠØ© Ø§Ù„ØªÙŠ ØªØ¨Ø·Ù„ Ù…ÙØ¹ÙˆÙ„ Ø§Ù„Ø³Ø­Ø±,worldnews
LG Display raises investment at Vietnam factory by $1.4 bln - local govt,worldnews
Raab says Pentagon leaks blaming UK for Kabul bomb attack â€˜just not trueâ€™,worldnews
"Final testing of the James Webb space telescope is complete, it is getting ready for its 31 October launch- Technology News, Firstpost",worldnews
Poland requests state of emergency on Belarus border amid migrant surge,worldnews
First man to accuse R Kelly of sex abuse testifies,worldnews
A Thumbs Down for Streaming Privacy,worldnews
Peru: Keiko Fujimori faces justice for corruption,worldnews
China to cap annual urban rent increases at 5 per cent to rein in runaway prices and make homes affordable to job seekers,worldnews
Kabul families say children killed in US drone attack | Asia News,worldnews
EU drops U.S. from list of COVID-safe countries for travel,worldnews
Taliban celebrates US withdrawal from Afghanistan with gun shots over Kabul,worldnews
"US presence in Afghanistan ends, 2,461 soldiers lost in 20 years",worldnews
Afghanistan: US investigates civilian deaths in Kabul strike,worldnews
Afghanistan live news: country wakes to new era under Taliban after US withdrawal completed | World news,worldnews
Australian Government MPs want more school chaplains to help children suffering mentally due to â€˜alarmistâ€™ climate activism,worldnews
Malware Hunter 1.130.0.729 Crack,worldnews
Coalition MPs want more school chaplains to help children suffering mentally due to â€˜alarmistâ€™ climate activism,worldnews
How do I choose a Neighborhood to buy a Home?,worldnews
"Drone attack on Saudi Arabia airport wounds eight, damages plane: Reports",worldnews
A U.S.-built biometric system sparks concerns for Afghans,worldnews
Nikeâ€™s â€˜Super Shoesâ€™ Spark Race to Outfit the Worldâ€™s Runners,worldnews
Animal Rebellion protesters blockade UKâ€™s largest dairy factory,worldnews
Square Chase Daily 31-08-2021,worldnews
Britain Denies Pushing to Leave Kabul Airport Gate Open Before Blast https://ift.tt/eA8V8J,worldnews
Interesting study coming from Israel,worldnews
"India | â€˜Keeping daughters away from immoralityâ€™: Jamiat against co-education, asks non-Muslims to stay away from it",worldnews
Thay gas mÃ¡y láº¡nh,worldnews
La maison d'un cannibale allemand Armin Meiwes!! Urbex ğŸ‡©ğŸ‡ª,worldnews
Afghanistan is â€˜a free nationâ€™: Taliban celebrates US defeat,worldnews
Zyeta wins at NIDA 2021!,worldnews
"As EU membership stalls, Balkan countries make controversial move to create their own mini-Schengen",worldnews
90 retired generals and admirals call for Austin and Milley to resign immediately over the disastrous Afghanistan withdrawal,worldnews
Security law: Hong Kong court denies bail to speech therapists behind banned kid's book about sheep and wolves,worldnews
DIRECCION MUNDIAL FAJAS FITNESS MOLDELADORAS ORTOPEDICAS POSTOPERATORIAS https://www.facebook.com/groups/fajastodotipolaamdp,worldnews
Facebook's creative ad guru Mark D'Arcy set to leave company,worldnews
Taliban photo appears to mock Iwo Jima flag raising,worldnews
Two anti-lockdown leaders arrested as protests held across Australia and New Zealand,worldnews
"China shuts American Chamber of Commerce in Chengdu, organisation says",worldnews
How to Get Unbanned from Omegle in Less Than 5 Minutes ğŸ‘Œ,worldnews
S.Koreaâ€™s Kakao Pay cuts IPO target by 6% to $1.3 bln,worldnews
Sweets Skyscraper Daily 31-08-2021,worldnews
Indonesia Probes Suspected Data Breach on COVID-19 App https://ift.tt/eA8V8J,worldnews
"Post-Ida highway collapse kills two, injures up to 10 others",worldnews
First Official Resident Evil Movie Reboot Photos Of â€˜Welcome To Raccoon Cityâ€™ And New Details Revealed,worldnews
Japan confirms first case of new type of delta variant,worldnews
ã€Œæ–°ç«¹å°æ™ºã€é€™æ¬¡çˆ¬å±±ä¸æ”¶å¯¶å¯å¤¢ ä½èª¿æš–åŠ©åˆè»Šå¥³å­©å€‘ â€“ udn.com,worldnews
Pre Tax premium deduction,worldnews
Reddit refuses to take stricter action against COVID-19 misinformation,worldnews
ÙˆØ¸Ø§Ø¦Ù Ø£Ù…Ø§Ø²ÙˆÙ† Ù…ØµØ± ÙˆØ§Ù„Ù…Ø¤Ù‡Ù„Ø§Øª Ø§Ù„Ù…Ø·Ù„ÙˆØ¨Ø©,worldnews
Ù…Ø§ Ù‡Ùˆ Ø´Ø±Ø· Ø£Ø­Ù…Ø¯ Ù…Ø³Ø¹ÙˆØ¯ Ù„ÙˆÙ‚Ù Ù‚ØªØ§Ù„ Ø·Ø§Ù„Ø¨Ø§Ù† ÙˆØ§Ù„Ø§Ù†Ø³Ø­Ø§Ø¨ Ù…Ù† Ø§Ù„Ø³ÙŠØ§Ø³Ø©ØŸ,worldnews
Taliban celebrate victory as last U.S. troops leave Afghanistan,worldnews
Will Bitcoin Save El Salvador?,worldnews
8 Best Budget 4K Smart TV 2021,worldnews
"North Korea Restarted Plutonium-Producing Reactor, U.N. Agency Warns",worldnews
He crawled down on his knees and gave me oral sex - â€R. Kelly's first male accuser testifies in court,worldnews
"Rajasthan: Eight women among 11 pilgrims killed in cruiser-truck collision in Nagaur, PM Modi announces ex-gratia",worldnews
"North Korea appears to have restarted nuclear reactor, U.N. watchdog reports",worldnews
Japan's Defence Ministry Seeks Fresh Hike in Military Spending https://ift.tt/eA8V8J,worldnews
"Woman having â€˜affairâ€™ with chimpanzee not banned, asked to â€˜change her behaviorâ€™",worldnews
Berlinâ€™s university canteens go almost meat-free as students prioritise climate,worldnews
Japan Evacuated Only One Person out of 500 People from Afghanistan,worldnews
Osama bin Laden's former aide Amin-ul-Haq returns to Afghanistan,worldnews
"Taliban attack Panjshir as US troops exit Afghanistan, 7-8 fighters killed",worldnews
Toyota restarts driverless vehicles after accident,worldnews
Kode Redeem PUBG Mobile 31 Agustus 2021 - KepoWin,worldnews
https://visionforhope628652883.wordpress.com/2021/08/31/biden-hails-afghanistan-airlift-diplomacy-will-rescue-those-left-behind/,worldnews
Tesla using Autopilot crashes into police car in Florida,worldnews
Kode Redeem Genshin Impact 31 Agustus 2021 - KepoWin,worldnews
Major General Chris Donahue: Last American soldier to leave Afghanistan,worldnews
Afghan resistance against Taliban will stop if inclusive govt formed: Ahmad Massoud,worldnews
Kode Redeem Mobile Legends 31 Agustus 2021 - KepoWin,worldnews
Kode Redeem Free Fire 31 Agustus 2021 - KepoWin,worldnews
Taliban say US defeat 'big lesson' for other invaders,worldnews
Cara Setting Router Tenda Lewat HP - KepoWin,worldnews
Lancaster firm announces global launch of PPE which 'kills Covid on contact',worldnews
Huruf Keren atau Font untuk Nickname - KepoWin,worldnews
RÃ¨m phÃ²ng táº¯m HÃ n Quá»‘c PTH019,worldnews
RÃ¨m che giÆ°á»ng bá»‡nh nhÃ¢n phÃ²ng y táº¿ giÃ¡ ráº»,worldnews
RÃ¨m Cáº§u Vá»“ng All Plus â€“ Multi Combi,worldnews
RÃ¨m Roman tráº» em ROT002,worldnews
"These 8 Ankle Boot Outfits Are So Good, You'll Want to Live in Them This Autumn",worldnews
The Suez Canal: why do we care? #Accelerationism #Tunisia #PortSaid,worldnews
"Leaving Afghanistan, U.S. General's Ghostly Image Books Place in History https://ift.tt/eA8V8J",worldnews
Vestas Wind Penghasil Uang - KepoWin,worldnews
Ten Best Phones in the World to buy in 2021 on The Market,worldnews
Military dogs left behind in Afghanistan,worldnews
Civilization,worldnews
Cara Menyembunyikan Aplikasi Di Hp Evercoss - KepoWin,worldnews
Iâ€™m homeless for 10 hours.,CasualConversation
Iâ€™m homeless for 10 hours. Just checked out of my hotel and Iâ€™m getting my new apartment keys in 10 hours. Iâ€™m on the streets with all my luggage. What should I do?,CasualConversation
What was your most favourite moment out of all the Marvel movies?,CasualConversation
What social people do with their friends?,CasualConversation
Annoying kid at my school. Help!,CasualConversation
Got my first dose of the vaccine today,CasualConversation
[REPOST AFTER DELETION] A secret thank you to my girl best friend.,CasualConversation
"I just lost my fully paid scholarship to my dream university, in my dream city, in my dream country due to COVID-19.",CasualConversation
An encounter with god's fool,CasualConversation
Handling stubborn teammate in group project,CasualConversation
New office,CasualConversation
What boundaries do you put for yourself when it comes to people not responding to your messages?,CasualConversation
What attribute do women most value in men?,CasualConversation
"Iâ€™ll allow fast forward, but we need to talk",CasualConversation
Job Hunting,CasualConversation
What do you like about Steve Jobs and his company Apple?,CasualConversation
Looking for someone to talk to and maybe make some friends. Nerd warning lol.,CasualConversation
"Despite over half of Americans being vaccinated, our COVID new case and death numbers are worse than one year ago.",CasualConversation
i need to pee soo bad,CasualConversation
"I met someone, but I screwed it all up because I'm afraid to be gay",CasualConversation
Can anyone talk about it?,CasualConversation
I feel so much more feminine with short hair. I'd love to hear everyone else thoughts!,CasualConversation
I miss the days of high school when you didnâ€™t really need to be bothered about your future.,CasualConversation
Recently obsessed with aviation,CasualConversation
I feel so guilty. I just joked about flirting with a man who is engaged,CasualConversation
About to go on a little trip!,CasualConversation
I think I just had the best sleep of my entire existance,CasualConversation
What do you think of salt lamps?,CasualConversation
I had my second therapy session ever today,CasualConversation
Realizing patterns in those who post seeking advice on the internet,CasualConversation
"I'm sat in bed with my wife and 4 month old son both asleep next to me. This is my favourite part of the day, what's yours?",CasualConversation
Stopped having a goal and just living each day content has made it easier for me to enjoy life.,CasualConversation
My mom just got her first dose of the covid vaccine,CasualConversation
Alone,CasualConversation
Is reddit a trolling app?,CasualConversation
Growing up?,CasualConversation
I cant sleep,CasualConversation
"I went to a party and had really fun with this one girl, exchanged Snapchat usernames and talked a lot both physically and through Snap, and also when she came home, now she has unfriended me from Snapchat. WARNING!!! LONG POST!!",CasualConversation
I tried omegle for the first time.,CasualConversation
Anybody have some funny school stories?,CasualConversation
Anybody got funny school stories?,CasualConversation
Pandemic Rudeness,CasualConversation
What is your favourite show out of these.,CasualConversation
Hurricanes are literally the worst,CasualConversation
Let some random dude muk my corndog,CasualConversation
"As trivial as it is; clothes shopping, being a husky guy, sucks.",CasualConversation
I have stretch marks on my butt,CasualConversation
I got a promotion to the job I've wanted for the last 4 years. I'm over the moon.,CasualConversation
"I make NSFW content, but more importantly I am bored. How's everyone doing?",CasualConversation
I made such a stupid mistake please help,CasualConversation
Is there such a thing as casual flirting?,CasualConversation
Are you typically clothes free at home?,CasualConversation
Today a little boy bought me flowers....,CasualConversation
What do you think about Sports Betting?,CasualConversation
What can I do from my computer to help others?,CasualConversation
"As an average person, what can I do from my computer to help others?",CasualConversation
"I grew up in the U.S., and have a question about school lunches.",CasualConversation
Iâ€™m a total mess.,CasualConversation
I enjoy my roses in all the stages of death,CasualConversation
My kitten is dying,CasualConversation
Ignoring all possible relationships and just focusing on myself,CasualConversation
What Accounts For Progressive FLO's Longevity? ğŸ¤” (2008-present),CasualConversation
Where to get affordable clothing when losing weight?,CasualConversation
Made my mom spit out her water,CasualConversation
31/F about to get baked - letâ€™s chat!,CasualConversation
Are you generally comfortable with nudity?,CasualConversation
I'm up late and pondering future life choices. Care to join?,CasualConversation
Anyone wanna hear about some paranormal experiences I've had?,CasualConversation
What's your thoughts on apologising to past friends 3-5 years later for your actions?,CasualConversation
The couple next door to me is arguing outside in the driveway which is right next to my bedroom window and my windows are open,CasualConversation
Hi,CasualConversation
New job as a cashier has got me feeling quite bad tonight,CasualConversation
My brother is moving out and it's the end of an era :(,CasualConversation
Any tips on being self driven and less lazy,CasualConversation
What are your thoughts on societies emphasis on following your passions?,CasualConversation
Some things you have to do alone,CasualConversation
Why does Japan seem to be the only country with a pop culture to the US in term of scope?,CasualConversation
Does anyone else have physical feeling from emotions?,CasualConversation
"My sister told me she likes to read books on her phone because people don't ask her ""whatcha readin'?""",CasualConversation
"How many of you , at any point, were paid â€œunder the tableâ€ for your job?",CasualConversation
Mobie theater shenanigans,CasualConversation
I was in one of Mr Beasts worst intro videos,CasualConversation
How would you feel about a 4th stimulus check?,CasualConversation
A little bit of bragging about a camp story...from when I was 14...,CasualConversation
"Someone stopped on the side of the road to help me, that hasn't happened before.",CasualConversation
"Anyone else not mind yard work in the heat, but hate yard work after rain and storms?",CasualConversation
The dragons horde,CasualConversation
"My friends and I rip on each other, but I can't tell whether this is ""locker room talk"" or not",CasualConversation
Lets see who guesses the songs first!,CasualConversation
Most seltzers on the market right now are beta versions. In 5 to 10 years seltzers will be significantly better than they are now,CasualConversation
guy said i was really cute today.,CasualConversation
"My music taste is all over the place. Pick a number 1-500 and Iâ€™ll give you a song, rate that song out of 10 and then recommend me a song to listen to and rate.",CasualConversation
Exam in approxâ€¦. 4 hours lol,CasualConversation
My teacher called me a genius,CasualConversation
"While I am rather insecure how I look overall, my biggest self-worth trigger is my condition where I have more than a 100 fat tissues (lipomas) all over my body. How should one accept their appearance and simply enjoy life as it is?",CasualConversation
"[M27] While I am rather insecure how I look overall, my biggest self-worth trigger is my condition where I have more than a 100 fat tissues (lipomas) all over my body. How should one accept physical imperfections and enjoy life?",CasualConversation
à¸ªà¸¥à¹‡à¸­à¸•PG à¹€à¸à¸¡à¸ªà¹Œ Leprechaun Riches à¹à¸¡à¸™à¸™à¸§à¸¥à¸ªà¸¥à¸±à¸šà¸­à¸­à¹‚à¸•à¹‰à¹„à¸¡à¹‰à¹€à¸”à¸µà¸¢à¸§,worldnews
"à¤†à¤œ à¤¨à¤ à¤°à¤¿à¤•à¥‰à¤°à¥à¤¡ à¤•à¤¾ à¤°à¤¹à¤¾ à¤¦à¤¿à¤¨, à¤œà¤¾à¤¨à¤¿à¤ à¤•à¤² à¤•à¥ˆà¤¸à¥€ à¤°à¤¹ à¤¸à¤•à¤¤à¥€ à¤¹à¥ˆ à¤¬à¤¾à¤œà¤¾à¤° à¤•à¥€ à¤¦à¤¶à¤¾ à¤”à¤° à¤¦à¤¿à¤¶à¤¾ â€“ à¤®à¤¨à¥€ à¤•à¤‚à¤Ÿà¥à¤°à¥‹à¤²",worldnews
Manchester Cityâ€™s Benjamin Mendy REFUSED bail after â€˜meltdown over prison VIP wingâ€™ while being held for rape,worldnews
At least 32 California students remain stranded in Afghanistan,worldnews
Ø£Ø³Ø¹Ø§Ø± Ù…ØµØ±ÙˆÙØ§Øª Ø§Ù„Ø¯Ø±Ø§Ø³Ø© Ù„Ø¨Ø¯Ø§ÙŠØ© Ø§Ù„Ø¹Ø§Ù… Ø§Ù„Ø¯Ø±Ø§Ø³ÙŠ Ø§Ù„Ø¬Ø¯ÙŠØ¯,worldnews
Erdogan draws online mockery for assigning outsize status to Turkey,worldnews
How Allbirds will step up marketing ahead of going public,worldnews
"In Graz, Austria, Communists Have Built a Red Fortress",worldnews
Marianne Williamson calls on Biden to drop efforts to extradite Assange,worldnews
Employability Development Program,worldnews
Greta Thunberg: Scotland not a world leader on climate change,worldnews
Japan finds black particles in Moderna vaccine,worldnews
"Afghans fleeing Taliban rush to land border crossings with Pakistan, Iran",worldnews
Afghanistan: Do Islamic State group jihadists pose a real challenge to the Taliban?,worldnews
"Everything you need to know about the Dead Space remake: Release date, trailer and more",worldnews
Estee Lauder Æ°u Ä‘Ã£i 9.9.2021 â€“ Mua 1 táº·ng 1 giáº£m Ä‘áº¿n 50%,worldnews
Sweets Skyscraper Daily 01-09-2021,worldnews
"Kaduna, Zamfara two other states ban sales of fuel in jerry can to curb insecurity",worldnews
"Dead Space Early Build Shows Better Lighting, VFX, And Alien Dismemberment",worldnews
Putin says US achieved 'zero' in Afghanistan,worldnews
"CBN appoints six new directors, confirms Nwanisobi spokesman",worldnews
"China planning to build megastructures in space , including gas stations and mining asteriods",worldnews
Matthew Mindler Cause of Death,worldnews
Ø§Ù„Ø³Ù†ØºØ§Ù„ ÙˆØªÙˆØ¬Ùˆ ÙÙŠ Ø£ÙˆÙ„ÙŠ Ù…Ø¨Ø§Ø±ÙŠØ§Øª ØªØµÙÙŠØ§Øª Ø£ÙØ±ÙŠÙ‚ÙŠØ§ Ø§Ù„ÙŠÙˆÙ…,worldnews
Are frosty relations between Turkey and Armenia thawing?,worldnews
EU countries vowed Tuesday to dole out an unspecified amount of funds to significantly beef up financial support for Afghanistanâ€™s neighbors to manage the refugee crisis at their borders.,worldnews
Rohit Sharma Beats Virat Kohli,worldnews
Ø®Ø§Ù„Ø¯ Ø§Ù„Ø³Ø¨ÙŠØ¹ÙŠ ÙŠÙƒØ´Ù Ø£Ù…ÙˆØ§Ù„ Ø¥Ø®ÙˆØ§Ù† Ø§Ù„Ø³Ø¹ÙˆØ¯ÙŠØ© ØªØ³ØªØ®Ø¯Ù… Ù„Ø¥Ù‚Ø§Ù…Ø© Ù…Ø¹Ø³ÙƒØ±Ø§Øª,worldnews
Bangladesh vs New Zealand,worldnews
Chinese Youth Announce That Theyâ€™re â€œLying Flatâ€ and Resisting the Pressures of Modern Life,worldnews
Anti-vaxxer threatens doc in Genoa - English,worldnews
The First Person To Be Convicted Based On DNA Evidence In The UK Has Been Released From Prison. He Raped And Murdered 2 Children In The 1980s.,worldnews
Floating Pizza Party on International Space Station,worldnews
SDF able to evacuate only 1 Japanese national from Afghanistan,worldnews
Japanâ€™s Afghanistan evacuation plans criticised after C-130 plane leaves Kabul with one passenger,worldnews
Saira Banu Hospitalized,worldnews
Weather disasters jump fivefold and will get worse: UN,worldnews
COVID-19: Venom from one of Brazil's largest Snakes could be used as a Tool in the Fight against CoronaVirus,worldnews
"Japan Evacuated Only 1 Japanese National from Afghanistan, 4 Planes Coming Back Empty",worldnews
"Child abuse, suicide attempts in Canada rose during COVID-19 pandemic",worldnews
Afghanistan: Talibanâ€™s divisions cast doubt on guarantee of safety for Chinese nationals,worldnews
Trudeau calls out &amp;#x27;anti-vaxxers&amp;#x27; for putting kids at risk as campaign event is disrupted by protesters,worldnews
Indian welders welfare association,worldnews
"Harriette Cole: I was rude to her, and she died. Now I feel guilty.",worldnews
"Covidâ€™s toxic divides could shape Europe for years, study says",worldnews
PUBG Creator Starts Studio Called PlayerUnknown Productions,worldnews
Piers Morgan 'delighted' as Ofcom clears ITV's Good Morning Britain over his comments about Meghan,worldnews
Egypt signs $4.45 bln deal for high-speed coast-to-coast railway,worldnews
â€˜Why is my five-year-old worth less than a dog?â€™,worldnews
"Almost 33,000 kids were killed, maimed in 20 years of US war in Afghanistan",worldnews
World Health Organisation discover Covid variant MU,worldnews
HOW TO CREATE A FREE WEBSITE ON GOOGLE This video shows you the step-by-step process for creating a free website on Google. You'll be amazed to discover that you can create your own website on Google for free and in a few easy steps.,worldnews
"Flaw in claims of sex act with dog: court, Jason Alexander Clare charged with raping woman and compelling her in act of bestiality",worldnews
Nigeria reintroduction of VAT on cooking gas to pressure weak consumer base,worldnews
Pele sends message to Ronaldo after Utd return,worldnews
"Afghanistan central bank board member urges Biden, IMF to release funds",worldnews
"Pope denies resignation report, says leads normal life after surgery",worldnews
åœ‹å…§é¦–æ¬¡ã€Œçªç ´æ€§æ„ŸæŸ“ç‡ã€æ›å…‰8äººæ‰“å®Œ2åŠ‘AZä¸­æ‹›ï¼è«å¾·ç´æ›é›¶ï½œ è˜‹æœæ–°èç¶²ï½œ è˜‹æœæ—¥å ± â€“ å°ç£è˜‹æœæ—¥å ±,worldnews
"Before Afghan collapse, Biden pressed Ghani to â€˜change perceptionâ€™",worldnews
"'No words, just tears' as BTS tops Billboard",worldnews
â€˜Scapegoating Chinaâ€™: Beijing denounces US report on COVID origin,worldnews
Ø£Ø³Ø¹Ø§Ø± Ø§Ù„Ø°Ù‡Ø¨ Ø§Ù„ÙŠÙˆÙ… 1Ø³Ø¨ØªÙ…Ø¨Ø±2021,worldnews
Chinaâ€™s pupils get schooled in â€˜Xi Jinping thoughtâ€™,worldnews
Ø¢Ø®Ø± Ù…Ø§ Ù†Ø´Ø±ØªÙ‡ Ø§Ù„ÙŠÙˆØªÙŠÙˆØ¨Ø± Ø§Ù„Ø§ÙØºØ§Ù†ÙŠØ© â€œÙ†Ø¬Ù…Ø© ØµØ§Ø¯Ù‚ÙŠâ€ Ù‚Ø¨Ù„ Ù‚ØªÙ„Ù‡Ø§,worldnews
Oslo bunker rave puts 25 in hospital with carbon monoxide poisoning,worldnews
Covid 19 cases rise in Australian state of Victoria despite lengthy lockdown - News,worldnews
"Coronavirus update on September 14,518,697 people died/217,665,655 became infected",worldnews
"Ofego Delivers New Single ""Handle""",worldnews
"Afghan singer Sharafat Parwani sings about homeland, video goes viral",worldnews
Ofego - Handle,worldnews
"Aeroderivative Gas Turbine Market Size| Price, Growth &amp; Report to 2028",worldnews
"Israeli Army Promotes Pollard's Handler, Convicted in Espionage Affair",worldnews
The end of the world????!!!!ğŸ˜¢ğŸ˜¢ğŸ˜¢,worldnews
"Covert Evacuations and Planned Demolitions: How the C.I.A. Left Its ""Last Base in Afghanistan""",worldnews
Ghostrunnerâ€™s Neon Pack Adds Assist Options And Roguelike Wave Mode,worldnews
'Best military': What Joe Biden told Ashraf Ghani in their last phone call on July 23 | World News,worldnews
UN hails end of poisonous leaded gas use in cars worldwide. [AP],worldnews
Seeman Latest Speech | Jothimani MP | Puli Thevar | IBC,worldnews
The Taliban reportedly struck a deal with U.S. to escort Americans to Kabulâ€™s airport. A U.S. defense official said â€˜it worked beautifully.â€™,worldnews
MÉ™ÅŸhur porno ulduzlarÄ±n sonrakÄ± taleyi - ADLAR ï¿¼,worldnews
"DIRECCION MUNDIAL DEL INCIENSO, CONITOS https://www.facebook.com/groups/agarbattiandconustheworldpressagency",worldnews
Palestinian teen beaten,worldnews
Afghan airport bombing survivors say some civilians killed by U.S. bullets,worldnews
Miley Cyrus strips down to string thong and sheer black top in behind the scenes snaps from MTV VMAs,worldnews
"Air pollution is slashing years off the lives of billions, report finds",worldnews
Covid: Universal credit top-up phasing out and vaccine contamination fears,worldnews
Up to half of worldâ€™s wild tree species could be at risk of extinction,worldnews
Modern Media: A Heap of Garbage,worldnews
China Beats Taiwan to the Punch in Announcing New Vaccine Delivery https://ift.tt/eA8V8J,worldnews
Inside the last flights from Kabul: New photos show the 82nd Airborne Division boarding planes to depart from Afghanistan to end America's longest war,worldnews
Gay man 'raped and beaten by Taliban' after 'rescue' meet,worldnews
â€œA Vast Criminal Racketâ€: Sebastian Junger on How the U.S. Corrupted Afghanistan,worldnews
3DMark Crack 2.20.7250 License Key Full Torrent Latest Free Download,worldnews
UVI WorkStation [3.0.25] Crack VST Plugin Audio Module Latest,worldnews
"Vietnamese, Chinese Communist Parties seek stronger cooperation in popularisation work",worldnews
"Anyone feel stuck in a routine every. single. day. and sometimes wonder ""What's the point?""",CasualConversation
I could do with cheering up a bit,CasualConversation
"I found the perfect home, my whole life would change for the better. Then I lost it. Dealing with regret is so hard. How do other cope? Also good morning, and have a great day!",CasualConversation
Is there something wrong with because I'm not afraid of dying?,CasualConversation
I start uni in a few days and I am sooo anxious,CasualConversation
"Iâ€™d never seen any of Trevor Mooreâ€™s comedy, so I downloaded â€œThe Story of Our Timeâ€ and I feel like the world has lost a really talented person and that makes me sad",CasualConversation
Awakening,CasualConversation
Sitting in the parking lot 30 minutes early for my first job,CasualConversation
German Soldier M20 [lockdown killed my social life],CasualConversation
"To the moderator who removed my post because ""There are better places to post that will give more care""",CasualConversation
Was it only me who felt a huge sadness with these Olympic/Paralympic Games?,CasualConversation
What are some body modifications that you find attractive?,CasualConversation
"If I dropped a penny from the Empire State Building and it landed on someone's head, what would happen?",CasualConversation
What is your favorite meme?,CasualConversation
What are you working towards right now?,CasualConversation
I Don't Think I Could Take Care For a Disabled Child as I'd Feel too Sad.,CasualConversation
Watching the paralympics is waaaay better than regular Olympics.,CasualConversation
Just wanna talk about how blessed some of us are to have our health.,CasualConversation
How do you guys make decisions?,CasualConversation
Anyone else have a hard time posting? I donâ€™t think my posts are going through.,CasualConversation
Why do cruise ships have those big red spoiler things? Do they have a function or are they just ornamental?,CasualConversation
"Sometimes I like to go to coment sections on IG with simple jokes to see ""smart"" people try to point out why they are wrong.",CasualConversation
Confessed to my crush tonight,CasualConversation
Of course I understand,CasualConversation
I wish my emotional tolerance was as high as my alcohol tolerance.,CasualConversation
Kissing.. I donâ€™t like it,CasualConversation
"In all seriousness, what are you doing right now?",CasualConversation
I love my friends younger siblings,CasualConversation
32 [M4F] California - I'm going to die alone,CasualConversation
"Not everything in a relationship has to be labelled as ""controlling""",CasualConversation
King,CasualConversation
I was told that I should start a podcast.,CasualConversation
I want to kill someone.,CasualConversation
down for a friends convo? iâ€™m here!,CasualConversation
Moving Out of My Parents for the Second Time at 25,CasualConversation
I got an interview at Joanne fabrics,CasualConversation
Do you ever just think about how cool humans are?,CasualConversation
I finally discovered what I wanted in a relationship,CasualConversation
I joined my first book club,CasualConversation
Holiday season.,CasualConversation
"I like burned food, I prefer the rain to the sun, I hate hot beverages specially coffee (and it seems to have no awakening effect on me whatsoever), I prefer the night shifts, does anyone else live on a bizzarro world like me?",CasualConversation
Anyone interested in being friends?,CasualConversation
There should be a word that encompasses both nieces and nephews,CasualConversation
Has anyone drank a little bit of alcohol before a nerve wracking social gathering to get through it?,CasualConversation
"I miss Malaysia, I went a few years back and after my life focus changed. Haven't thought about a holiday really until now. Lockdown has been so bad.",CasualConversation
Is 28 too old to get involved in the drug game,CasualConversation
Is 28 too old to start selling drugs?,CasualConversation
I miss Malaysia. Well going on holidays in general. Lockdown is so bad. Where do you wanna go??,CasualConversation
"It's my first night in college, and I'm alone in my room, nervous.",CasualConversation
"Would you mind sharing your story of success getting a job when, or after feeling hopeless?",CasualConversation
My Mom wants to keep all the babies,CasualConversation
I'm in love with my best friend and I want to throw something out a window,CasualConversation
What was the toughest time in your life?,CasualConversation
Unfair,CasualConversation
I just need someone's honest opinion on this.,CasualConversation
Pregnant and husband is looking for a new job. Feeling sad about moving away from family while my own family is growing. They're going to be great grandparents and would love to be close by.,CasualConversation
Who remembers the life-size blue whale sculpture hanging up in the Museum of Natural History in D.C.? I don't think it's there anymore and my parents don't remember it so I feel crazy lol.,CasualConversation
i have only been watching the show community for the past few months,CasualConversation
Does anyone else have a suspiciously intelligent dog?,CasualConversation
26 USA/Anywhere - What is your favorite meme?,CasualConversation
The first person to see cells became a vegetarian,CasualConversation
i think we should start saying no pulp to mean concentrated,CasualConversation
"Since registering for the vaccine 5 months ago when it was first available, I finally got vaccinated yesterday!",CasualConversation
Are you spending less time on reddit since major subs are closed down in protest?,CasualConversation
"Iâ€™m not so good with titles, but wondering if anyone would like to help me out.",CasualConversation
What do you do once you get home?,CasualConversation
what's ur tip to stop the spins when lying down after a day of drinking?,CasualConversation
"Hii, would anyone like to talk and maybe become online friends?",CasualConversation
My 5 year old self is screaming!,CasualConversation
"What do you guys think of the PSP/Vita, 3DS and the Switch?",CasualConversation
"What do you guys think of the PSP/Vita, the 3DS and the Switch?",CasualConversation
At work with a tissue up my nose 3 day bender ğŸ˜¥,CasualConversation
Donâ€™t even know what direction to look in,CasualConversation
"I went through my Facebook chats for the first time in like 5 years that shit was hilarious, check out yours you wonâ€™t regret it",CasualConversation
How do I respond to someone who called themselves ugly? :(,CasualConversation
"I stopped listening to the news and life is really just much nicer. I have friends who cant get off it and there all just pissed. No matter the political affiliation, there just pissed all the time.",CasualConversation
I left my house alone for the first time!,CasualConversation
"Moved in another city for college, my computer got stolen within 10 minutes. I feel like shit I want to cry but the tears won't come.",CasualConversation
Just snuck out of the house at 3am to smoke weed,CasualConversation
"Just snuck out of the house at 3am to smoke weed. Anyway, I'm bored so what are you up to?",CasualConversation
Roaches SUCK,CasualConversation
Just today I've had 2 people on here stalk me and argue about nothing,CasualConversation
I got my covid vaccine and lied about having side effects so I could get a free day off work,CasualConversation
"[F26] a co-worker today pressed up against me leaving the lift/elevator and I enjoyed it, I have a boyfriend but having her body up against mine made me feel....funny.",CasualConversation
"26M who loves gardening and 99% of water-sports. Canâ€™t sleep and looking for a casual convo, Anyone awake?",CasualConversation
"34 F From beautiful Hong Kong, China, I want to find a sincere friend here.",CasualConversation
can my 3 year old brother can drink ensure,CasualConversation
"Are there certain kinds of ""your mom"" jokes that go too far?",CasualConversation
"I have a lot of free time, but just don't know how to fill it. What do you do in your spare time?",CasualConversation
Where do you put your things when you get home?,CasualConversation
"I asked myself, â€œwhat do *I* want to do today?â€ then actually did it.",CasualConversation
Which guy would you pursue?,CasualConversation
"Feeling pretty down about being a 28 year old guy who's never had a girlfriend, could use some encouraging success stories about guys like me",CasualConversation
Should I feel ashamed for begging?,CasualConversation
Why do I feel like my life stopped in 2019?,CasualConversation
COVID-19: New 'Mu variant' from Colombia could be vaccine resistant -WHO,worldnews
Moderna to recall COVID-19 doses in Japan over stainless steel contaminants,worldnews
China warns US bad ties could imperil climate cooperation,worldnews
Lithuanian president â€œwill do everything that he canâ€ so that gay couples couldnâ€™t adopt children,worldnews
"COVID-19: Protesters target several B.C. hospitals, decry vaccine â€˜tyrannyâ€™ | Globalnews.ca",worldnews
"EU must create rapid reaction force, top officials say",worldnews
special good morning wishes,worldnews
Dimana Bisa Nonton BTS In The Soop Season 2 - KepoWin,worldnews
Ada is now the third largest cryptocurrency,worldnews
Afghanistan: Taliban expected to announce new government,worldnews
Ceylon Graphite Announces Marketing Agreement,worldnews
Lori Loughlin's Daughter Olivia Jade Joins 'Dancing With The Stars',worldnews
Jabra Launches New Elite Series TWS Earbuds; Starts From RM299,worldnews
"Almost a third of the world's tree species are at risk of extinction, largely due to agriculture, logging and livestock farming, according to a new landmark report published by Botanic Gardens Conservation International.",worldnews
"US President, Joe Biden's phone call to Afghanistan's then President, Ashraf Ghani leaked.",worldnews
RADIATION FROM SMARTPHONE,worldnews
Storm Ida: Flash flooding in New York and New Jersey kills nine,worldnews
Nigeria health workers take jabs to rural areas,worldnews
Pine plantation burns at Parawa during warm start to spring on Fleurieu Peninsula â€“ ABC News,worldnews
Men VS Electric Bull Fence (full video),worldnews
"Religious groups in UK failing children over sex abuse, report says",worldnews
"Having COVID once gives much greater immunity than vaccine, Israeli study finds.",worldnews
Ø²ÙŠØ§Ø¯Ø© Ù…Ø³ØªÙ…Ø±Ø© ÙÙŠ Ø­Ø§Ù„Ø§Øª ÙƒÙˆØ±ÙˆÙ†Ø§ Ø§Ù„ÙŠÙˆÙ… 2/9/2021,worldnews
Transcript of Bidenâ€™s Speech on the U.S. Withdrawal From Afghanistan,worldnews
Dogs abandoned at Kabul airport prompt outrage,worldnews
Texans can now openly carry guns in public without a permit or training. Police say the new law makes it harder to do their jobs,worldnews
"For some great house tunes playing from Sydney in this lockdown. Playing now live. Not me, but a friend who would love to get back onto the scene but is stuck at home.",worldnews
Amy Winehouseâ€™s Father Doesnâ€™t Approve Of The Upcoming Biopic About Her,worldnews
The Brat Shack Party Store,worldnews
"Mikis Theodorakis, Greek Composer and Marxist Rebel, Dies at 96",worldnews
"Russia threatens to fine Apple, Google unless they remove Navalny app, Ifax reports",worldnews
Tanzania says gunman who killed four people last month was a terrorist,worldnews
"The daughter of Paul Rusesabagina, who was portrayed in a Hollywood film about the Rwandan genocide, has appealed for help to secure his release, saying she believes he was abducted from Dubai.",worldnews
"Russia records 18,985 new daily COVID-19 cases, crisis center says",worldnews
Effort underway to rescue girls soccer team from Afghanistan,worldnews
Windows 11 Features,worldnews
Ù…Ù„Ú© Ù…Ø§Ù†Ø§ | Ø¨Ø§Ù†Ú© Ø§Ø·Ù„Ø§Ø¹Ø§Øª Ø§Ù…Ù„Ø§Ú© Ø´Ù…Ø§Ù„ Ú©Ø´ÙˆØ± (Ú¯ÛŒÙ„Ø§Ù† Ùˆ Ù…Ø§Ø²Ù†Ø¯Ø±Ø§Ù†),worldnews
Joe Bidden US President Speech on Exit from Afghanistan,worldnews
Shark Tankâ€™s Kevin Oâ€™Leary And Kevin Harrington Sued For Fraud,worldnews
'Political prosecution': Hong Kong activists jailed for illegal assembly from 2019 protests,worldnews
BUY SOUNDCLOUD PACKAGE,worldnews
Halo Trust resumes Afghanistan explosive clearance work under Taliban rule,worldnews
Ask Amy: She says I canâ€™t visit her because of my son,worldnews
Westmead Hospital patient overdoses on online â€˜cureâ€™ for Covid-19,worldnews
Turkey says it has arrested top ISIL figure in raid,worldnews
This Microsoft Flight Simulator Mod Adds Mario Kart-Inspired Tracks,worldnews
"With his boyfriend murdered, Ahmadullah is fleeing for his life from the Taliban. But he's running out of time",worldnews
AI services in Retail - USM business systems,worldnews
Faith institutions accused of 'moral failing' as report finds child sexual abuse prevalent in major UK religions,worldnews
White supremacist sentenced to read 'Pride and Prejudice' and other literary classics,worldnews
"Court restrains Yobe Gov, Buni from acting as APC caretaker chairman",worldnews
Fate of national daycare in the hands of Canadian voters,worldnews
Chinese man imprisoned after 'super toilet plunger' he designed was ruled to be a gun grip released after sentence shortened,worldnews
Joe Rogan tests positive for COVID-19 and of course he claims horse dewormer cured him,worldnews
Indian High Court Judge Declares Service to Cows Imperative to Country's Success,worldnews
Milley: US coordination with Taliban on strikes 'possible',worldnews
Nigeriaâ€™s cocoa output to decline as heavy rain threatens crop,worldnews
Ø¥Ø·Ù„Ø§Ù‚ Ø§Ù„Ù…ÙˆÙ‚Ø¹ Ø§Ù„Ø¥Ù„ÙƒØªØ±ÙˆÙ†ÙŠ Amazon.eg Ø±Ø³Ù…ÙŠØ§Ù‹ ÙÙŠ Ù…ØµØ±,worldnews
"Elle King Gives Birth, Welcomes Rainbow Baby With Fiance Dan Tooker",worldnews
WhatsApp has been fined $267 million for breaching EU privacy rules,worldnews
"Nigeria Customs responsible for port congestion, fail to auction overtime cargoes ~NPA",worldnews
Record â‚¬225m fine for WhatsApp Ireland over data protection breaches,worldnews
Brussels doctors to prescribe museum visits for Covid stress,worldnews
"Mini-bus plunges off road into a valley in Iran, killing 16",worldnews
informacion,worldnews
Victoria to become first Australian state to ban public display of Nazi symbols,worldnews
"Nigeria, two other African nations to get 1.3 million vaccines from Canada",worldnews
"China's Alibaba to invest $15.5 bln for ""common prosperity""",worldnews
NhÃ¢n viÃªn táº¡p vá»¥ cÃ´ng ty cáº§n nhá»¯ng gÃ¬?,worldnews
Irish data privacy watchdog fines WhatsApp 225 million euros,worldnews
Imran Khan and the Generals,worldnews
Crude oil price hits $72 a barrel after OPEC agree to raise production quota,worldnews
"Britain's Raab, in Qatar, cites need to engage with Taliban",worldnews
China warns U.S. climate co-operation at risk over political tension,worldnews
Taliban prepare to reveal new Afghan government amid economic turmoil,worldnews
Há»‡ thá»‘ng váº­n chuyá»ƒn Triá»‡u Há»•,worldnews
Your Next Million Dollar Business Idea | 20 Amazing Plans - Techieapps,worldnews
Pro-Antifa California teacher to be fired by school district after leaked video emerges,worldnews
Afghanistan: Qatar and Turkey become Taliban's lifeline to the outside world,worldnews
Chaotic U.S. exit likely to crush Afghan economy - Fitch,worldnews
"Miss Manners: She was horrible to my child during a rough time, and I want to let her have it",worldnews
5 embarassing celebrity arrests,worldnews
Kode Redeem Genshin Impact 2 September 2021 - KepoWin,worldnews
European Leaders Had Urged Biden To Extend U.S. Deadline To Leave Afghanistan,worldnews
Romanian government on brink of collapse after sacking of justice minister,worldnews
Penang Govt Will Install â€œSmart Street Polesâ€ To Provide Free WiFi Across The State,worldnews
Kode Redeem CODM 2 September 2021 - KepoWin,worldnews
UK judge orders rightwing extremist to read classic literature or face prison,worldnews
"Mikis Theodorakis, composer of Zorba the Greek, dies aged 96",worldnews
Chinese newspaper claims Michael Spavor photographed â€˜Chinese military equipmentâ€™,worldnews
Politics and industry must work together on green policy: BASFâ€™s CEO,worldnews
Influence of yakuza gangs declining in Japan,worldnews
Amazonâ€™s solution to its delivery driver shortage? Recruiting stoners,worldnews
"MPs who switch parties could be forced to fight by-elections, under Tory MPâ€™s proposals: Anthony Mangnall is pushing for legislation to â€˜restore faith in politicsâ€™ after slew of UK MPs crossed the floor in 2019",worldnews
How schools are addressing students' mental health needs due to trauma of COVID-19,worldnews
iOS 15 Creeps Towards Release With Public Beta 8 â€“ Forbes,worldnews
I got my first jab,CasualConversation
The FDA is useless.,CasualConversation
Why do people drink alcoholic drinks?,CasualConversation
MBA Assignment Help,CasualConversation
its my cake day first time witnessing it !!!,CasualConversation
lost in my thoughts,CasualConversation
Does anyone really think cancelling student debt is a good idea?,CasualConversation
"Want to one day live abroad, but so hard to focus on one of them, so many countries are so lovely!",CasualConversation
I deleted 99% of my phone contacts.,CasualConversation
I've stopped watching TV news,CasualConversation
I feel immense relief and happiness when I see my younger sister eat. (TW: mentions of Eating Disorders),CasualConversation
Make the Net less cute: I've made a list of things people should stop saying and pet peeves that people should avoid:,CasualConversation
"There was a bug on my arm. I flicked it off. Now, every itch feels like another bug. But itâ€™s not.",CasualConversation
People who make others happy are usually the most broken ones.,CasualConversation
Last night I had a very vivid dream about me dying and it was nothing Iâ€™ve ever experienced before,CasualConversation
Post a line from a movie or TV series and let's try to guess where it's from.,CasualConversation
Post a line from a movie or TV show on a comment and I'll try to guess where it's from.,CasualConversation
Post a line from a movie on a comment and let's try to guess where it's from.,CasualConversation
Just deleted all of my social media,CasualConversation
I wish I knew about the depression that comes after graduation.,CasualConversation
My cat makes me so ticklish,CasualConversation
Friends pointed out I have a unique laugh a few days ago and I never really thought there was anything strangely unique about me.,CasualConversation
I did not expected adopting a puppy would change my life so much,CasualConversation
Made someone smile today,CasualConversation
Paralympic wheelchair basketball on TV,CasualConversation
"Is it okay being amused/fantasized by friends who drink, smoke and party more than every weekend?",CasualConversation
You know when your fate is in someoneâ€™s hands,CasualConversation
"In places where one can shoot to defend oneself or someone in danger, will shooting someone without a mask be legal?",CasualConversation
Lucifer,CasualConversation
Hey flight attendants: Can you corroborate this video?,CasualConversation
I currently go to a private school and spend a bit over $2k a year but I donâ€™t feel like itâ€™s actually worth the money so I want to switch back to a public school,CasualConversation
"Ask me for advice, people say I'm good at it",CasualConversation
Worst username ever,CasualConversation
Started and ended a text conversation smoothly for the first time ever (â€¢â€¿â€¢),CasualConversation
"I turned 20 today, but itâ€™s like I donâ€™t really care anymore?",CasualConversation
Reddit has suspended the account of a child abuse survivor,CasualConversation
nobody sleeps late than a guy hitting on someone's girlfriend,CasualConversation
Someone Stole my Flight gear and Logbook,CasualConversation
Today is my reddit-birthday!,CasualConversation
Finally have a job that I love again!,CasualConversation
Is it just me or have civil rights moevements really changed people's views in the last 5-10 years ?,CasualConversation
got a compliment,CasualConversation
Im 23 and I feel my life is going waste as I'm still living with my parents.,CasualConversation
"My parents are rich, and Iâ€™m lower middle class.",CasualConversation
How do you recover from always getting rejected?,CasualConversation
Please consider donating to Fund Texas Choice who provide transportation funds for women in Texas leaving the state to exercise their constitutional rights,CasualConversation
It's amazing how dehydration affects your mood,CasualConversation
Would you follow me on Reddit,CasualConversation
Hey what to talk about YouTube,CasualConversation
Letâ€™s chat would you follow me on Reddit,CasualConversation
Itâ€™s late letâ€™s chat ğŸ’¬,CasualConversation
Letâ€™s chat causal fun conversation,CasualConversation
What to chat ğŸ’¬ about stuff chat ğŸ’¬,CasualConversation
Perfectionism is keeping me up at night,CasualConversation
Want to chat about music,CasualConversation
Hey ğŸ‘‹ yâ€™all want to chat ğŸ’¬,CasualConversation
Iâ€™m a YouTuber you want to chat ğŸ’¬,CasualConversation
I lost my job today so that's what's up,CasualConversation
"(Canada) with forced vaccines upon many of of us, how would you feel about the right to say no so long as you signed away your right to free health care for anything covid related?",CasualConversation
I feel like I am losing my girlfriend,CasualConversation
"My 92 year old grandmother is covid +. Thanks to the vaccine, the symptoms are extremely mild.",CasualConversation
Just had my first surgery today and now I'm reflecting on all my life choices,CasualConversation
Has your office reopened?,CasualConversation
How do you feel about meetings between 12 and 2 pm?,CasualConversation
Anyone else like taking fat shits?,CasualConversation
Being drunk is weird.,CasualConversation
I'd prefer to know the animals I eat.,CasualConversation
I Love Listening To His Music :),CasualConversation
Texas abortion law,CasualConversation
"Has anyone ever asked a company to replace an out-of-warranty device, and they just did?",CasualConversation
"Those of you near or over 30, how did you feel about turning 30?",CasualConversation
How do stablecoins make money?,CasualConversation
I just finished my first night shift ever :D,CasualConversation
I just wrote my longest story ever!,CasualConversation
I'm going to be on NPR's Wait Wait Don't Tell Me!,CasualConversation
Share a song or music video with me and I'll rate it 0-10.,CasualConversation
Do you ever wish you could just start life over?,CasualConversation
First work (so far) as a Paraeducator!,CasualConversation
I had a scary morning and had to call the cops! Has anyone else had something similar happen?,CasualConversation
I think summerâ€™s over here in Japan,CasualConversation
It is natural????,CasualConversation
"It's the day after vaccination, and I have a fever.",CasualConversation
Does anyone else feel like regional accents are kinda dying out?,CasualConversation
What do you suppose the first peoples who came into contact with a parrot/mimicking bird thought?,CasualConversation
I just had a really good day today.,CasualConversation
I made my first friend on campus today,CasualConversation
Today I got reassurance that my previous employer is still feeling the shock of my abrupt departure a month later,CasualConversation
Todayâ€™s my 30th birthday and Iâ€™m all alone. No one has offered to take me out and Iâ€™ve never had a girlfriend before,CasualConversation
Today was ruined by many minor inconveniences,CasualConversation
Does anyone else notice an uptick in autocorrect acting haywire?,CasualConversation
Whats your dumbest driving?,CasualConversation
Do you guys have different skin tones than your parents or siblings?,CasualConversation
What is the best boat hull?,CasualConversation
I've been off of my blood pressure medication at the advice of my Dr. For a whole week now. First time since I was 16.,CasualConversation
How to get over past friends???,CasualConversation
I clocked in five minutes ago and already got 4 meeting invites,CasualConversation
How can I stop thinking about something I don't want to think about and stop feeling inferior to others?,CasualConversation
I'm sitting here trying to entertain myself after Hurricane lda. What's your day to day like? We can share stories.,CasualConversation
Am I weird for not wanting to go to Hawaii in the fall?,CasualConversation
